[
  {
    "id": 1,
    "title": "Product Title 1",
    "product_image_url": "/images/shirt.png"
  },
  {
    "id": 2,
    "title": "Product Title 2",
    "product_image_url": "/images/shirt.png"
  },
  {
    "id": 3,
    "title": "Product Title 3",
    "product_image_url": "/images/shirt.png"
  },
  {
    "id": 4,
    "title": "Product Title 4",
    "product_image_url": "/images/shirt.png"
  },
  {
    "id": 5,
    "title": "Product Title 5",
    "product_image_url": "/images/shirt.png"
  },
  {
    "id": 6,
    "title": "Product Title 6",
    "product_image_url": "/images/shirt.png"
  },
  {
    "id": 7,
    "title": "Product Title 7",
    "product_image_url": "/images/shirt.png"
  },
  {
    "id": 8,
    "title": "Product Title 8",
    "product_image_url": "/images/shirt.png"
  },
  {
    "id": 9,
    "title": "Product Title 9",
    "product_image_url": "/images/shirt.png"
  },
  {
    "id": 10,
    "title": "Product Title 10",
    "product_image_url": "/images/shirt.png"
  },
  {
    "id": 11,
    "title": "Product Title 11",
    "product_image_url": "/images/shirt.png"
  },
  {
    "id": 12,
    "title": "Product Title 12",
    "product_image_url": "/images/shirt.png"
  },
  {
    "id": 13,
    "title": "Product Title 13",
    "product_image_url": "/images/shirt.png"
  },
  {
    "id": 14,
    "title": "Product Title 14",
    "product_image_url": "/images/shirt.png"
  },
  {
    "id": 15,
    "title": "Product Title 15",
    "product_image_url": "/images/shirt.png"
  },
  {
    "id": 16,
    "title": "Product Title 16",
    "product_image_url": "/images/shirt.png"
  },
  {
    "id": 17,
    "title": "Product Title 17",
    "product_image_url": "/images/shirt.png"
  },
  {
    "id": 18,
    "title": "Product Title 18",
    "product_image_url": "/images/shirt.png"
  },
  {
    "id": 19,
    "title": "Product Title 19",
    "product_image_url": "/images/shirt.png"
  },
  {
    "id": 20,
    "title": "Product Title 20",
    "product_image_url": "/images/shirt.png"
  },
  {
    "id": 21,
    "title": "Product Title 21",
    "product_image_url": "/images/shirt.png"
  },
  {
    "id": 22,
    "title": "Product Title 22",
    "product_image_url": "/images/shirt.png"
  },
  {
    "id": 23,
    "title": "Product Title 23",
    "product_image_url": "/images/shirt.png"
  },
  {
    "id": 24,
    "title": "Product Title 24",
    "product_image_url": "/images/shirt.png"
  },
  {
    "id": 25,
    "title": "Product Title 25",
    "product_image_url": "/images/shirt.png"
  },
  {
    "id": 26,
    "title": "Product Title 26",
    "product_image_url": "/images/shirt.png"
  },
  {
    "id": 27,
    "title": "Product Title 27",
    "product_image_url": "/images/shirt.png"
  },
  {
    "id": 28,
    "title": "Product Title 28",
    "product_image_url": "/images/shirt.png"
  },
  {
    "id": 29,
    "title": "Product Title 29",
    "product_image_url": "/images/shirt.png"
  },
  {
    "id": 30,
    "title": "Product Title 30",
    "product_image_url": "/images/shirt.png"
  },
  {
    "id": 31,
    "title": "Product Title 31",
    "product_image_url": "/images/shirt.png"
  },
  {
    "id": 32,
    "title": "Product Title 32",
    "product_image_url": "/images/shirt.png"
  },
  {
    "id": 33,
    "title": "Product Title 33",
    "product_image_url": "/images/shirt.png"
  },
  {
    "id": 34,
    "title": "Product Title 34",
    "product_image_url": "/images/shirt.png"
  },
  {
    "id": 35,
    "title": "Product Title 35",
    "product_image_url": "/images/shirt.png"
  },
  {
    "id": 36,
    "title": "Product Title 36",
    "product_image_url": "/images/shirt.png"
  },
  {
    "id": 37,
    "title": "Product Title 37",
    "product_image_url": "/images/shirt.png"
  },
  {
    "id": 38,
    "title": "Product Title 38",
    "product_image_url": "/images/shirt.png"
  },
  {
    "id": 39,
    "title": "Product Title 39",
    "product_image_url": "/images/shirt.png"
  },
  {
    "id": 40,
    "title": "Product Title 40",
    "product_image_url": "/images/shirt.png"
  }
]
